id,age,revenu_mensuel,score_interet,frequence_activite,nb_connexions_mensuelles,temps_en_ligne
1,18,128446,37,1,4,2.4
2,22,145141,32,2,5,1.1
3,31,112690,32,1,6,5.5
4,28,80002,22,1,4,5.6
5,33,141090,42,1,1,3.0
6,61,85757,43,0,9,4.5
7,53,151685,40,0,4,1.4
8,40,156941,22,0,10,3.0
9,20,83010,45,3,6,2.8
10,58,140406,37,0,9,5.3
11,36,113993,29,1,5,2.8
12,45,145915,27,1,8,4.4
13,24,109928,33,2,3,4.5
14,62,97178,34,1,2,3.1
15,29,148730,25,0,10,1.7
16,50,154315,41,1,7,5.7
17,41,132019,39,2,9,2.3
18,27,122810,44,3,5,5.2
19,18,80122,21,0,1,2.2
20,35,139188,30,1,4,4.8
21,39,175672,62,4,14,7.9
22,26,142838,48,5,12,6.3
23,44,217552,59,6,19,10.7
24,31,195038,52,3,20,8.8
25,22,121594,41,2,10,5.9
26,27,167641,44,4,15,4.1
27,33,235064,63,6,17,11.2
28,19,149909,40,3,9,9.3
29,41,211308,57,5,21,10.1
30,24,130055,49,2,8,6.0
31,37,184116,61,4,16,8.0
32,29,203525,54,6,14,11.6
33,46,238544,65,5,22,9.8
34,25,158668,43,3,11,5.2
35,32,170902,50,4,13,7.1
36,40,226337,58,5,18,10.9
37,21,126711,46,2,10,4.4
38,55,214967,64,6,19,8.4
39,30,181244,53,4,15,6.8
40,42,239887,60,5,21,12.0
41,23,198104,73,6,16,11.3
42,35,243019,65,5,18,10.1
43,41,181662,68,7,27,13.8
44,28,208913,72,8,29,12.0
45,37,291888,79,4,21,8.7
46,52,170355,62,6,20,15.6
47,26,220541,77,5,24,11.8
48,45,264882,70,8,30,9.4
49,33,244607,64,4,19,14.2
50,19,176950,75,7,28,13.1
51,48,278146,69,6,25,9.9
52,31,233059,71,5,22,10.7
53,54,187615,78,8,29,15.2
54,24,201355,66,4,17,12.5
55,3,298405,73,6,26,8.5
56,27,257192,68,5,23,14.7
57,43,229844,76,7,27,11.0
58,36,194388,61,4,18,13.5
59,29,211776,67,5,21,9.0
60,50,286413,74,8,30,10.2
61,21,276328,90,10,42,20.6
62,24,243008,81,7,31,15.8
63,30,315642,93,9,39,18.4
64,18,198774,77,6,26,14.1
65,27,271955,84,8,34,21.3
66,35,332481,91,10,44,23.5
67,22,225646,80,7,28,13.2
68,41,304598,88,8,37,16.9
69,19,185703,76,6,25,12.1
70,33,289004,92,9,41,19.7
71,46,349117,95,10,45,22.8
72,28,260433,85,8,33,17.6
73,25,238905,79,7,30,12.7
74,38,317667,87,9,38,18.9
75,31,287540,89,8,40,15.4
76,20,206991,78,6,27,14.8
77,42,341260,94,10,43,23.1
78,23,249876,82,7,32,16.2
79,34,278644,86,8,35,20.1
80,29,320551,91,9,42,18.0
81,39,101445,28,0,3,1.3
82,56,128332,34,1,6,2.2
83,44,152740,42,1,8,3.9
84,61,91462,26,0,2,1.0
85,32,174991,48,2,7,4.2
86,48,119083,31,1,5,3.4
87,53,140227,36,2,6,2.7
88,65,108556,24,0,1,0.8
89,37,163388,44,1,4,2.9
90,50,97540,29,0,3,1.9
91,42,147205,41,1,6,3.1
92,58,123119,33,0,2,1.4
93,30,169876,47,2,8,4.4
94,46,111504,27,1,5,2.1
95,55,136442,38,1,4,3.7
96,40,158903,45,2,7,4.0
97,63,92984,22,0,1,0.9
98,35,145660,39,1,6,2.6
99,52,117238,30,0,2,1.2
100,45,171334,46,2,8,4.5
101,18,136240,35,2,8,2.0
102,27,143919,28,0,9,4.3
103,34,111208,44,1,2,5.1
104,48,98811,24,0,10,1.6
105,56,149502,39,3,7,2.9
106,23,123776,31,1,5,5.8
107,61,87455,27,0,3,4.0
108,42,157826,20,1,8,3.2
109,31,118407,45,2,4,2.3
110,39,129944,36,1,6,5.9
111,25,101672,33,3,1,1.8
112,50,146228,22,0,10,4.6
113,44,139317,29,1,4,2.4
114,37,153904,41,2,6,5.2
115,29,92053,30,1,2,3.5
116,58,158772,38,0,7,4.9
117,20,109544,24,2,5,2.7
118,63,131886,42,1,9,5.4
119,46,84488,21,0,3,1.2
120,33,140915,34,3,4,3.8
121,35,173449,49,5,18,10.0
122,42,131770,55,2,11,7.6
123,19,209482,60,3,14,8.9
124,28,236118,63,4,19,6.5
125,54,148905,46,2,12,11.1
126,31,188253,58,5,16,9.4
127,24,229004,62,4,21,5.8
128,46,126498,41,3,9,10.8
129,37,219775,57,6,18,7.0
130,25,157990,50,2,13,8.3
131,33,204661,61,5,17,4.9
132,40,175284,47,3,10,11.4
133,21,143005,44,2,8,6.2
134,29,234889,64,6,20,9.8
135,52,212447,59,4,15,10.6
136,27,168774,53,3,14,5.0
137,44,241201,65,6,22,7.4
138,30,122918,42,2,9,6.7
139,38,196554,56,5,16,8.2
140,23,227320,60,4,19,11.9
141,33,254763,75,4,22,14.0
142,47,214681,67,6,24,13.2
143,26,299114,78,7,29,8.4
144,39,175845,62,5,20,11.7
145,18,232207,73,6,27,15.0
146,54,281544,79,8,28,10.8
147,31,201666,64,4,19,14.6
148,43,268910,70,7,26,9.2
149,22,173998,66,5,21,12.4
150,37,243501,71,6,23,8.9
151,29,286004,77,7,30,13.8
152,48,190117,61,4,18,10.3
153,24,221430,68,5,24,11.1
154,35,257998,74,8,29,14.9
155,41,209332,63,4,20,12.0
156,27,175204,65,6,22,9.6
157,56,297520,80,8,30,15.3
158,32,235680,72,5,25,10.5
159,45,263410,69,7,27,13.0
160,20,198775,76,6,26,8.7
161,29,279816,92,10,41,20.4
162,34,328550,86,8,35,17.2
163,23,257910,79,7,31,14.5
164,41,301224,95,10,44,22.1
165,18,214668,77,6,27,13.4
166,27,344901,89,9,38,18.6
167,30,269770,83,8,33,16.0
168,46,198334,76,7,29,12.6
169,22,286410,91,10,42,19.3
170,38,316785,87,9,39,21.0
171,25,245990,80,7,32,15.7
172,33,333210,94,10,45,23.2
173,19,230441,78,6,28,12.3
174,28,275603,84,8,34,17.9
175,35,307488,88,9,37,18.8
176,42,190885,75,6,25,13.1
177,24,298125,93,10,43,20.8
178,31,321904,85,8,36,16.4
179,20,259337,82,7,30,14.9
180,39,341995,90,9,40,22.7
181,40,118774,31,0,2,1.5
182,57,147690,43,1,4,2.8
183,49,166812,46,2,7,3.6
184,62,93021,23,0,1,0.7
185,35,142337,35,1,5,2.4
186,44,159448,40,1,6,4.1
187,53,110563,28,0,2,1.3
188,65,173050,49,2,8,4.4
189,31,126994,37,1,4,2.0
190,50,137845,32,1,3,1.9
191,58,151206,44,2,7,3.3
192,46,98940,25,0,1,1.1
193,37,163920,47,2,8,4.2
194,42,121355,29,1,5,2.6
195,55,145770,38,1,4,3.5
196,30,168410,45,2,7,4.0
197,63,90222,24,0,1,0.9
198,39,154388,41,1,6,2.8
199,52,116889,33,0,2,1.4
200,45,172918,48,2,8,4.5
